0;21.100;70.600;04.915;0.066;0.107
10;21.120;70.300;04.914;0.069;0.130
20;21.030;70.500;04.918;0.091;0.096
30;21.060;70.200;04.919;0.069;0.107
40;21.090;70.800;04.918;0.059;0.115
50;20.870;71.800;04.919;0.066;0.104
100;20.790;72.000;04.914;0.059;0.133
110;20.820;72.000;04.921;0.073;0.115
120;20.840;72.300;04.919;0.062;0.148
130;20.760;72.600;04.916;0.055;0.104
140;20.770;72.500;04.920;0.066;0.107
150;20.800;72.200;04.918;0.062;0.119
200;20.930;71.900;04.917;0.088;0.126
210;21.060;69.750;04.918;0.073;0.107
220;20.950;70.200;04.917;0.069;0.122
230;20.870;70.900;04.917;0.066;0.167
240;20.930;70.900;04.917;0.077;0.141
250;20.900;71.000;04.915;0.059;0.141
300;20.820;71.500;04.917;0.059;0.137
310;20.700;72.500;04.917;0.029;0.141
320;20.740;72.500;04.916;0.051;0.163
330;20.700;72.800;04.918;0.055;0.159
340;20.740;72.600;04.918;0.059;0.122
350;20.760;72.200;04.919;0.084;0.100
400;20.620;72.200;04.916;0.077;0.107
410;20.570;72.800;04.918;0.059;0.119
420;20.610;72.700;04.916;0.044;0.133
430;20.670;72.300;04.917;0.062;0.159
440;20.620;71.800;04.916;0.069;0.107
450;20.580;72.000;04.919;0.073;0.141
500;20.370;72.100;04.918;0.069;0.126
510;20.190;72.200;04.915;0.040;0.107
520;20.100;72.400;04.914;0.051;0.141
530;19.920;73.800;04.914;0.051;0.167
540;20.090;74.100;04.913;0.113;0.156
550;19.920;73.600;04.914;0.435;0.411
600;19.800;74.200;04.920;1.525;1.275
610;19.740;75.400;04.916;3.310;2.761
620;19.660;75.700;04.915;6.853;5.725
630;19.580;75.900;04.915;15.810;12.920
640;19.460;76.200;04.917;31.840;26.650
650;19.530;76.300;04.914;50.130;42.440
700;19.790;75.900;04.917;86.700;75.400
710;20.100;74.900;04.919;115.800;101.400
720;20.400;73.500;04.915;145.500;128.400
730;20.760;72.200;04.914;176.100;156.400
740;20.990;71.100;04.916;209.200;186.800
750;21.220;70.100;04.916;240.600;215.800
800;21.540;69.510;04.916;272.100;244.800
810;22.030;67.780;04.918;304.500;274.600
820;22.480;65.480;04.917;336.500;304.100
830;22.620;63.980;04.917;370.400;335.400
840;22.780;63.840;04.920;403.400;365.700
850;22.900;63.340;04.918;436.800;396.100
900;23.070;62.610;04.916;468.000;423.900
910;23.370;61.070;04.917;498.500;434.000
920;23.750;59.870;04.920;527.300;339.000
930;24.170;57.670;04.920;553.000;188.400
940;24.520;56.400;04.919;578.900;141.600
950;24.970;55.470;04.923;605.400;130.600
1000;25.430;54.000;04.917;630.400;129.200
1010;25.850;51.200;04.920;655.000;129.100
1020;26.180;50.000;04.924;678.400;128.700
1030;26.530;50.070;04.922;699.700;129.300
1040;26.750;50.470;04.922;721.000;129.800
1050;26.960;49.870;04.923;738.000;130.000
1100;27.320;49.230;04.919;757.000;130.100
1110;27.640;47.430;04.921;775.000;128.700
1120;27.960;46.800;04.926;791.000;127.600
1130;28.310;44.730;04.924;806.000;126.300
1140;28.560;42.430;04.922;821.000;123.800
1150;28.910;41.730;04.926;831.000;122.500
1200;29.580;39.590;04.922;840.000;121.100
1210;29.380;38.130;04.920;849.000;120.300
1220;29.520;37.990;04.921;858.000;119.400
1230;30.000;36.360;04.919;866.000;118.800
1240;30.080;34.760;04.920;868.000;118.500
1250;30.190;35.690;04.920;870.000;116.800
1300;30.360;34.720;04.917;875.000;113.600
1310;30.530;32.920;04.917;874.000;112.200
1320;30.670;35.390;04.924;872.000;110.800
1330;30.610;35.560;04.922;869.000;108.300
1340;31.030;34.460;04.924;868.000;106.200
1350;30.960;33.660;04.919;863.000;104.900
1400;31.050;33.590;04.919;856.000;103.800
1410;31.400;31.950;04.922;849.000;101.600
1420;31.260;32.450;04.920;842.000;99.400
1430;31.560;31.850;04.920;833.000;97.800
1440;31.660;32.190;04.927;822.000;97.100
1450;31.710;40.660;04.926;805.000;97.400
1500;30.840;42.760;04.922;789.000;96.300
1510;30.520;43.930;04.922;772.000;93.800
1520;30.290;44.600;04.917;760.000;90.700
1530;30.180;45.130;04.922;742.000;89.500
1540;30.290;44.200;04.923;724.000;88.600
1550;29.960;44.360;04.923;705.000;87.300
1600;30.140;43.800;04.924;685.500;85.700
1610;30.140;43.800;04.922;663.900;85.100
1620;30.020;43.460;04.922;640.800;84.400
1630;30.100;42.930;04.920;616.100;83.600
1640;30.010;42.660;04.920;591.700;82.800
1650;30.090;42.530;04.922;565.200;82.200
1700;29.960;43.100;04.927;537.600;81.600
1710;29.730;43.660;04.924;510.700;80.400
1720;29.930;42.930;04.918;485.400;80.000
1730;29.860;42.730;04.916;456.900;92.800
1740;30.000;41.530;04.923;426.300;168.600
1750;30.010;41.660;04.918;397.300;316.000
1800;29.850;42.330;04.918;366.500;356.600
1810;29.960;42.460;04.922;335.100;334.500
1820;29.920;42.090;04.925;300.300;298.900
1830;29.820;42.430;04.927;269.900;268.700
1840;29.950;42.060;04.922;241.000;240.200
1850;29.920;41.830;04.922;211.700;211.100
1900;29.820;41.630;04.919;184.700;184.100
1910;29.770;41.760;04.922;158.900;158.100
1920;29.740;41.760;04.922;131.900;130.700
1930;29.960;41.630;04.919;106.200;104.300
1940;29.960;41.330;04.924;84.500;82.000
1950;29.400;41.930;04.921;64.680;62.020
2000;28.710;42.190;04.919;48.660;46.310
2010;28.350;42.860;04.920;33.570;31.090
2020;28.070;43.800;04.919;18.990;16.470
2030;27.930;43.760;04.918;9.650;8.440
2040;27.610;44.500;04.916;3.565;mar.53
2050;27.520;45.130;04.921;0.841;0.700
2100;27.420;45.900;04.920;0.194;0.174
2110;27.340;46.960;04.920;0.088;0.078
2120;27.160;48.370;04.923;0.102;0.082
2130;26.670;49.330;04.921;0.102;0.085
2140;26.520;49.600;04.920;0.106;0.104
2150;26.110;52.070;04.920;0.088;0.111
2200;25.650;53.800;04.914;0.099;0.126
2210;25.030;58.410;04.916;0.091;0.093
2220;25.110;58.810;04.924;0.113;0.100
2230;24.920;60.240;04.920;0.080;0.145
2240;24.820;61.540;04.925;0.113;0.067
2250;24.550;62.740;04.927;0.117;0.082
2300;24.350;63.510;04.915;0.088;0.070
2310;24.160;64.540;04.918;0.091;0.096
2320;24.280;64.980;04.924;0.080;0.085
2330;24.080;65.140;04.924;0.084;0.107
2340;23.360;66.440;04.924;0.084;0.089
2350;23.380;67.280;04.921;0.117;0.104
0;23.220;67.680;04.915;0.117;0.044
10;22.980;67.780;04.916;0.106;0.093
20;22.940;68.710;04.920;0.110;0.052
30;22.680;69.080;04.918;0.091;0.093
40;22.200;70.000;04.923;0.095;0.093
50;22.320;69.940;04.927;0.102;0.093
100;22.140;70.800;04.919;0.121;0.059
110;22.300;73.700;04.923;0.088;0.085
120;22.350;75.900;04.918;0.073;0.122
130;22.110;75.800;04.920;0.102;0.085
140;22.150;78.000;04.922;0.062;0.137
150;22.230;78.500;04.921;0.055;0.104
200;21.840;78.300;04.916;0.062;0.115
210;21.690;78.900;04.919;0.077;0.119
220;21.470;79.200;04.920;0.084;0.137
230;21.430;80.300;04.917;0.080;0.133
240;21.590;80.300;04.920;0.069;0.152
250;21.390;80.200;04.922;0.095;0.104
300;21.200;80.600;04.916;0.080;0.167
310;21.140;80.600;04.920;0.084;0.115
320;20.940;80.700;04.916;0.073;0.119
330;20.730;81.500;04.916;0.051;0.159
340;20.770;81.800;04.914;0.062;0.185
350;20.760;81.900;04.921;0.113;0.093
400;20.780;81.800;04.919;0.084;0.133
410;20.670;81.800;04.917;0.073;0.156
420;20.560;81.700;04.918;0.069;0.185
430;20.540;81.300;04.917;0.084;0.130
440;20.570;81.200;04.916;0.062;0.156
450;20.590;81.400;04.915;0.059;0.130
500;20.640;81.700;04.917;0.044;0.137
510;20.630;82.000;04.914;0.062;0.104
520;20.540;82.800;04.916;0.077;0.107
530;20.630;83.100;04.918;0.066;0.100
540;20.430;82.900;04.916;0.135;0.137
550;20.230;83.200;04.917;0.472;0.467
600;20.100;82.800;04.916;01.850;01.523
610;19.930;82.700;04.915;04.739;03.953
620;19.810;81.900;04.915;12.160;10.160
630;20.040;80.800;04.916;25.090;20.420
640;20.300;81.300;04.916;42.050;33.670
650;20.580;81.800;04.914;63.410;53.610
700;21.330;82.600;04.919;85.100;72.500
710;22.060;82.800;04.915;111.200;95.800
720;22.040;82.200;04.913;121.500;103.700
730;22.210;82.800;04.915;154.900;132.900
740;22.460;83.300;04.914;186.500;161.200
750;22.680;83.400;04.913;195.000;166.800
800;22.930;83.400;04.916;253.200;218.700
810;23.270;82.800;04.914;291.200;258.000
820;23.300;81.100;04.915;327.400;292.300
830;23.560;77.900;04.915;361.300;323.200
840;23.980;74.000;04.918;390.000;348.900
850;24.280;72.300;04.917;424.100;379.800
900;24.530;72.000;04.917;452.600;400.000
910;24.640;73.500;04.916;475.400;398.300
920;24.600;74.100;04.916;509.900;312.900
930;24.630;73.600;04.917;545.600;190.700
940;24.570;73.600;04.917;573.500;155.300
950;24.720;73.400;04.916;598.700;146.300
1000;24.920;73.100;04.916;623.400;144.600
1010;24.750;72.000;04.916;628.400;141.100
1020;25.050;71.100;04.917;659.900;137.800
1030;25.230;69.150;04.918;685.000;136.300
1040;25.380;68.050;04.917;709.000;134.000
1050;25.620;67.140;04.923;725.000;132.400
1100;25.870;65.710;04.922;745.000;131.000
1110;26.130;61.970;04.920;763.000;129.300
1120;26.300;59.840;04.920;776.000;128.700
1130;26.230;58.010;04.924;791.000;127.400
1140;26.370;57.970;04.920;804.000;126.900
1150;26.500;58.540;04.923;812.000;127.700
1200;26.600;59.110;04.919;821.000;127.800
1210;26.770;59.310;04.925;831.000;127.500
1220;27.080;56.500;04.922;840.000;127.500
1230;27.140;57.810;04.919;848.000;127.200
1240;26.990;54.640;04.920;854.000;125.800
1250;27.220;54.500;04.922;858.000;125.500
1300;27.220;55.900;04.929;863.000;125.100
1310;27.430;56.000;04.924;863.000;124.200
1320;27.420;58.010;04.920;862.000;123.300
1330;27.490;60.270;04.919;861.000;124.700
1340;27.250;62.170;04.921;857.000;127.200
1350;27.270;63.580;04.923;853.000;131.100
1400;27.350;64.140;04.923;846.000;135.600
1410;27.320;64.940;04.922;835.000;137.400
1420;27.420;64.540;04.919;827.000;138.800
1430;27.420;64.140;04.917;818.000;141.100
1440;27.320;65.140;04.919;805.000;142.500
1450;27.400;64.880;04.922;790.000;142.400
1500;27.410;65.080;04.919;778.000;145.300
1510;27.770;64.740;04.918;763.000;150.300
1520;27.710;64.710;04.921;749.000;150.300
1530;27.520;66.280;04.918;739.000;155.700
1540;27.500;67.080;04.920;715.000;153.500
1550;27.430;67.540;04.925;693.700;160.700
1600;27.280;68.650;04.919;678.500;163.300
1610;27.150;69.680;04.921;649.700;176.000
1620;27.150;70.000;04.923;648.100;184.200
1630;27.040;70.400;04.919;608.200;185.400
1640;27.020;70.500;04.919;605.600;191.000
1650;27.160;70.500;04.919;522.700;212.300
1700;27.010;70.500;04.924;538.500;199.700
1710;26.950;70.500;04.924;505.100;199.100
1720;26.680;71.000;04.918;502.000;199.400
1730;26.690;70.900;04.919;439.500;201.700
1740;26.790;70.600;04.918;434.100;239.000
1750;26.710;69.850;04.923;386.300;308.800
1800;26.680;69.580;04.920;354.300;322.900
1810;26.780;68.680;04.924;324.700;301.500
1820;27.010;67.880;04.924;295.500;275.500
1830;26.790;68.940;04.926;260.800;242.800
1840;26.740;68.550;04.923;229.300;214.800
1850;26.550;69.610;04.924;201.100;188.200
1900;26.320;71.400;04.920;171.700;160.700
1910;26.150;72.300;04.923;144.100;134.200
1920;26.080;72.900;04.918;120.300;111.400
1930;25.970;73.900;04.922;98.800;90.500
1940;25.770;75.300;04.921;77.500;70.300
1950;25.580;77.200;04.928;57.790;51.270
2000;25.400;78.300;04.919;40.430;35.030
2010;25.200;79.800;04.918;25.900;21.940
2020;25.090;80.500;04.922;14.310;11.870
2030;24.960;81.100;04.919;06.786;05.695
2040;24.880;82.000;04.922;02.362;01.938
2050;24.810;82.900;04.925;0.728;0.615
2100;24.720;83.000;04.921;0.161;0.189
2110;24.610;83.300;04.923;0.077;0.122
2120;24.610;83.200;04.925;0.080;0.096
2130;24.610;83.200;04.922;0.062;0.119
2140;24.580;83.300;04.924;0.080;0.119
2150;24.530;83.100;04.922;0.099;0.100
2200;24.570;83.000;04.921;0.062;0.137
2210;24.570;82.700;04.922;0.088;0.130
2220;24.490;82.700;04.924;0.073;0.082
2230;24.460;82.900;04.919;0.066;0.185
2240;24.360;82.800;04.924;0.077;0.119
2250;24.380;82.700;04.925;0.077;0.122
2300;24.380;82.300;04.916;0.080;0.130
2310;24.400;82.300;04.917;0.077;0.133
2320;24.340;82.500;04.921;0.073;0.133
2330;24.360;83.000;04.918;0.095;0.107
2340;24.310;83.500;04.919;0.091;0.141
2350;24.250;83.800;04.920;0.077;0.126
0;24.230;84.400;04.915;0.080;0.100
10;24.250;84.800;04.914;0.055;0.170
20;24.150;85.300;04.917;0.095;0.126
30;24.080;85.800;04.915;0.084;0.100
40;24.090;86.000;04.918;0.062;0.144
50;23.980;86.200;04.916;0.077;0.148
100;23.940;86.300;04.913;0.066;0.141
110;23.850;86.200;04.914;0.069;0.119
120;23.780;86.000;04.918;0.059;0.159
130;23.920;85.800;04.914;0.095;0.133
140;23.870;85.700;04.916;0.062;0.096
150;23.870;85.900;04.918;0.088;0.107
200;23.940;86.000;04.915;0.080;0.137
210;23.960;86.300;04.915;0.059;0.130
220;23.880;86.500;04.916;0.059;0.170
230;23.780;86.600;04.914;0.066;0.156
240;23.830;86.600;04.918;0.073;0.137
250;23.830;86.400;04.916;0.091;0.148
300;23.750;86.100;04.915;0.099;0.133
310;23.700;85.700;04.917;0.091;0.104
320;23.830;85.100;04.916;0.059;0.089
330;23.910;84.400;04.917;0.066;0.126
340;24.040;84.100;04.915;0.055;0.193
350;24.090;83.500;04.918;0.080;0.093
400;24.140;83.200;04.916;0.051;0.137
410;24.160;83.400;04.915;0.066;0.178
420;24.100;83.600;04.915;0.069;0.141
430;24.170;84.100;04.917;0.040;0.137
440;24.090;85.000;04.917;0.055;0.107
450;23.990;85.500;04.917;0.066;0.111
500;23.900;85.900;04.917;0.077;0.104
510;23.860;86.400;04.916;0.069;0.111
520;23.910;86.700;04.915;0.051;0.119
530;23.880;86.900;04.914;0.040;0.170
540;23.840;87.000;04.913;0.080;0.159
550;23.790;87.000;04.912;0.344;0.363
600;23.640;87.100;04.918;01.481;01.219
610;23.550;87.200;04.915;04.768;03.612
620;23.590;87.200;04.916;14.280;11.300
630;23.640;87.400;04.912;22.900;17.700
640;23.710;87.500;04.912;34.850;29.250
650;23.580;87.400;04.913;55.240;44.680
700;23.410;87.400;04.917;80.200;65.730
710;23.800;87.300;04.915;103.100;84.100
720;23.890;86.900;04.913;106.100;88.100
730;23.860;86.700;04.913;120.600;98.300
740;23.800;86.500;04.913;146.500;116.500
750;23.730;85.200;04.914;125.100;99.600
800;23.890;84.200;04.916;131.500;100.000
810;24.060;83.400;04.916;131.000;102.800
820;24.130;82.800;04.915;96.800;76.100
830;24.310;82.200;04.916;95.100;73.300
840;24.480;81.900;04.916;121.100;95.800
850;24.500;81.800;04.917;160.700;123.200
900;24.470;81.800;04.916;164.200;128.500
910;24.560;81.500;04.918;309.500;240.000
920;24.760;80.800;04.916;346.400;267.500
930;24.780;80.500;04.918;300.300;209.500
940;24.770;80.200;04.921;407.800;261.300
950;25.040;79.700;04.917;449.100;284.200
1000;25.230;77.400;04.917;344.200;229.100
1010;25.330;75.600;04.920;301.400;234.300
1020;25.310;76.100;04.919;204.500;160.800
1030;25.370;76.400;04.929;292.000;228.300
1040;25.350;76.800;04.924;324.100;252.700
1050;25.390;76.800;04.922;323.000;251.000
1100;25.470;76.300;04.924;348.000;268.900
1110;25.500;76.000;04.923;366.700;289.300
1120;25.660;75.000;04.923;394.100;298.600
1130;25.820;74.500;04.920;345.300;266.900
1140;25.840;74.300;04.921;360.300;276.100
1150;25.810;74.400;04.922;407.600;307.200
1200;25.920;73.900;04.920;416.200;316.000
1210;26.050;74.000;04.924;483.300;359.900
1220;26.190;73.600;04.923;453.700;339.200
1230;26.140;74.000;04.928;488.300;366.000
1240;26.230;73.500;04.924;549.300;379.000
1250;26.330;73.400;04.926;691.500;395.000
1300;26.400;72.200;04.927;551.900;379.600
1310;26.480;71.900;04.927;654.700;403.100
1320;26.650;71.000;04.920;518.500;380.000
1330;26.460;71.200;04.922;486.600;352.000
1340;26.390;71.700;04.922;479.900;343.900
1350;26.670;71.100;04.923;550.700;320.600
1400;26.590;70.200;04.922;520.500;341.500
1410;26.420;71.600;04.925;764.000;366.800
1420;26.570;70.700;04.925;701.000;365.400
1430;26.480;70.800;04.923;602.100;354.100
1440;26.470;70.800;04.926;698.800;348.700
1450;26.500;70.800;04.917;770.000;298.900
1500;26.850;70.600;04.920;763.000;317.400
1510;26.590;70.200;04.919;587.500;346.700
1520;26.650;69.980;04.920;527.100;345.500
1530;26.760;69.210;04.920;512.200;350.100
1540;26.530;70.400;04.918;470.900;334.800
1550;26.600;70.300;04.919;450.300;317.500
1600;26.340;71.000;04.926;433.300;315.900
1610;26.260;70.900;04.924;464.700;313.400
1620;26.260;71.800;04.916;476.700;307.500
1630;26.310;71.500;04.917;479.000;318.300
1640;26.200;72.000;04.926;475.100;314.200
1650;26.290;72.000;04.919;431.700;298.400
1700;26.350;71.600;04.920;422.600;286.400
1710;26.100;72.300;04.921;339.500;249.600
1720;26.080;73.000;04.918;326.100;244.000
1730;26.080;73.300;04.921;284.900;209.400
1740;25.900;74.100;04.919;283.300;203.700
1750;25.890;75.400;04.921;328.900;260.900
1800;25.980;75.200;04.925;338.500;294.300
1810;25.910;75.000;04.926;314.500;288.100
1820;25.850;74.400;04.921;282.900;262.500
1830;26.000;74.200;04.925;252.700;235.800
1840;25.770;75.000;04.923;224.900;206.700
1850;25.640;76.000;04.918;192.500;176.400
1900;25.440;77.000;04.925;146.900;128.700
1910;25.300;77.000;04.924;131.000;118.200
1920;25.270;77.200;04.919;110.300;99.500
1930;25.270;77.700;04.918;85.500;73.800
1940;25.240;78.700;04.922;77.100;61.120
1950;25.120;79.100;04.920;65.050;52.720
2000;25.090;79.500;04.921;43.050;34.180
2010;24.980;79.700;04.920;26.630;21.550
2020;24.910;80.500;04.920;13.120;10.620
2030;24.840;81.100;04.920;maj.35;kwi.27
2040;24.690;82.000;04.924;01.865;01.467
2050;24.700;82.700;04.926;0.548;0.474
2100;24.700;83.200;04.919;0.110;0.130
2110;24.680;83.700;04.919;0.044;0.185
2120;24.630;84.100;04.918;0.084;0.156
2130;24.570;84.300;04.919;0.055;0.148
2140;24.560;84.600;04.919;0.084;0.126
2150;24.580;84.800;04.921;0.066;0.126
2200;24.600;85.100;04.916;0.073;0.137
2210;24.560;85.300;04.921;0.102;0.133
2220;24.480;85.700;04.920;0.062;0.141
2230;24.440;85.800;04.915;0.069;0.163
2240;24.400;85.900;04.919;0.073;0.115
2250;24.400;85.900;04.920;0.062;0.126
2300;24.410;85.900;04.913;0.059;0.148
2310;24.400;86.100;04.914;0.040;0.130
2320;24.340;86.100;04.915;0.066;0.137
2330;24.320;86.300;04.915;0.077;0.141
2340;24.320;86.600;04.919;0.062;0.141
2350;24.320;86.800;04.917;0.077;0.167
0;24.350;87.100;04.914;0.066;0.133
10;24.370;87.200;04.916;0.055;0.144
20;24.330;87.300;04.918;0.062;0.144
30;24.300;87.400;04.917;0.055;0.156
40;24.240;87.500;04.919;0.069;0.104
50;24.210;87.600;04.920;0.062;0.137
100;24.220;87.500;04.914;0.077;0.144
110;24.220;87.400;04.914;0.055;0.185
120;24.220;87.300;04.916;0.080;0.156
130;24.170;87.200;04.916;0.051;0.156
140;24.140;87.100;04.917;0.069;0.156
150;24.160;86.700;04.915;0.077;0.159
200;24.170;86.500;04.912;0.084;0.104
210;24.230;86.200;04.915;0.051;0.159
220;24.250;85.900;04.917;0.040;0.167
230;24.240;85.700;04.916;0.051;0.163
240;24.200;85.600;04.916;0.048;0.174
250;24.150;85.500;04.919;0.091;0.111
300;24.150;85.200;04.915;0.069;0.130
310;24.130;84.900;04.917;0.040;0.115
320;24.160;84.700;04.920;0.069;0.130
330;24.120;84.600;04.919;0.080;0.119
340;24.130;84.500;04.917;0.055;0.130
350;24.080;84.300;04.919;0.051;0.093
400;24.090;83.800;04.916;0.073;0.137
410;24.200;83.400;04.918;0.040;0.145
420;24.230;83.200;04.918;0.059;0.141
430;24.200;83.100;04.918;0.069;0.159
440;24.180;83.000;04.916;0.059;0.144
450;24.190;82.900;04.919;0.051;0.130
500;24.190;82.800;04.917;0.073;0.130
510;24.190;82.700;04.918;0.062;0.119
520;24.150;82.700;04.915;0.055;0.115
530;24.090;82.800;04.917;0.080;0.115
540;24.040;82.800;04.916;0.088;0.178
550;24.010;83.000;04.915;0.424;0.389
600;24.000;83.200;04.916;01.598;01.271
610;23.960;83.500;04.920;04.421;03.520
620;23.890;83.800;04.916;11.320;09.240
630;23.820;83.900;04.915;23.340;18.740
640;23.810;83.900;04.914;43.420;33.720
650;23.870;83.900;04.915;63.780;51.920
700;23.950;83.800;04.918;92.100;77.400
710;24.030;83.800;04.916;132.200;109.800
720;24.130;83.800;04.916;153.700;131.100
730;24.330;83.500;04.915;171.000;147.100
740;24.430;83.700;04.915;205.200;177.900
750;24.460;83.400;04.914;242.200;209.100
800;24.530;82.700;04.916;219.000;185.000
810;24.620;82.100;04.916;261.100;223.500
820;24.730;81.500;04.916;298.900;261.200
830;24.910;81.200;04.916;298.100;257.300
840;24.910;81.000;04.914;393.600;350.000
850;25.040;79.900;04.917;432.700;381.000
900;25.330;79.000;04.914;449.700;368.100
910;25.400;77.600;04.915;462.700;349.400
920;25.370;77.800;04.918;536.900;310.000
930;25.670;76.900;04.918;542.900;174.600
940;25.680;76.400;04.919;561.100;154.400
950;25.890;75.600;04.917;597.900;141.400
1000;26.090;75.000;04.920;615.900;137.200
1010;26.200;74.000;04.920;634.600;129.700
1020;26.350;74.000;04.921;657.700;129.400
1030;26.560;73.000;04.918;679.500;124.800
1040;26.650;72.300;04.920;698.500;122.400
1050;26.630;72.400;04.920;717.000;123.800
1100;26.720;72.800;04.918;736.000;125.400
1110;26.750;72.800;04.920;755.000;131.300
1120;26.460;73.500;04.916;786.000;148.400
1130;26.610;72.500;04.922;793.000;140.300
1140;26.710;72.100;04.919;795.000;157.800
1150;26.720;72.000;04.923;819.000;146.400
1200;26.540;72.800;04.922;820.000;138.900
1210;26.470;72.100;04.922;834.000;138.600
1220;26.580;71.700;04.925;846.000;147.500
1230;26.570;72.300;04.924;859.000;158.000
1240;26.560;71.500;04.922;812.000;177.500
1250;26.490;71.200;04.927;885.000;206.100
1300;26.520;71.200;04.929;830.000;230.300
1310;26.480;71.500;04.923;852.000;259.900
1320;26.550;70.600;04.926;842.000;259.000
1330;26.750;70.500;04.923;894.000;301.300
1340;27.140;69.410;04.923;857.000;320.400
1350;27.100;70.000;04.924;915.000;369.800
1400;27.160;68.910;04.918;788.000;321.300
1410;27.090;69.480;04.925;658.100;341.600
1420;26.840;70.200;04.921;599.700;306.200
1430;26.680;71.300;04.924;866.000;311.200
1440;26.870;71.400;04.918;856.000;287.000
1450;26.950;70.400;04.924;595.300;254.700
1500;26.860;71.000;04.924;494.200;246.200
1510;26.670;71.400;04.922;454.400;279.900
1520;26.650;71.300;04.919;564.500;318.200
1530;26.750;71.500;04.922;551.900;318.700
1540;26.790;71.500;04.919;515.000;319.900
1550;26.710;70.900;04.924;554.000;297.800
1600;26.770;70.800;04.923;566.300;260.900
1610;26.800;70.200;04.921;459.900;230.900
1620;26.710;70.400;04.918;483.000;253.800
1630;26.690;70.900;04.917;549.800;250.600
1640;26.840;71.100;04.921;584.700;245.500
1650;26.760;70.800;04.921;534.200;191.500
1700;26.610;71.300;04.916;519.100;148.200
1710;26.540;70.900;04.919;502.400;156.200
1720;26.550;72.300;04.919;494.100;165.200
1730;26.520;73.200;04.915;469.800;173.000
1740;26.410;74.000;04.921;437.200;218.400
1750;26.240;73.500;04.917;404.900;312.400
1800;26.070;73.700;04.922;376.200;343.100
1810;26.090;74.300;04.921;334.700;317.600
1820;26.070;73.400;04.920;305.400;292.400
1830;26.150;74.300;04.922;274.500;262.100
1840;26.170;74.600;04.921;239.100;228.300
1850;25.870;75.100;04.919;201.700;193.100
1900;25.760;74.900;04.917;180.100;172.400
1910;25.740;74.800;04.922;119.700;110.300
1920;25.710;74.500;04.923;64.520;57.460
1930;25.510;76.200;04.925;45.610;39.380
1940;25.410;76.900;04.921;41.590;36.560
1950;25.250;77.600;04.920;42.110;37.560
2000;25.150;78.500;04.925;28.590;24.500
2010;24.970;79.200;04.920;19.410;16.160
2020;24.900;79.300;04.920;13.040;10.530
2030;24.900;79.400;04.923;07.430;05.924
2040;24.810;80.000;04.922;02.486;2.gru
2050;24.750;80.300;04.918;0.563;0.463
2100;24.690;81.000;04.926;0.150;0.096
2110;24.610;81.700;04.924;0.099;0.104
2120;24.550;82.300;04.927;0.091;0.089
2130;24.510;82.600;04.919;0.077;0.078
2140;24.470;83.000;04.917;0.080;0.130
2150;24.430;83.300;04.918;0.066;0.093
2200;24.410;83.600;04.915;0.077;0.141
2210;24.380;83.700;04.916;0.062;0.163
2220;24.380;83.800;04.920;0.077;0.111
2230;24.360;83.800;04.917;0.073;0.148
2240;24.300;83.800;04.919;0.062;0.163
2250;24.310;83.700;04.922;0.073;0.115
2300;24.310;83.700;04.914;0.080;0.159
2310;24.300;83.900;04.914;0.059;0.156
2320;24.310;83.900;04.919;0.073;0.130
2330;24.290;84.100;04.918;0.080;0.119
2340;24.280;84.300;04.920;0.066;0.133
2350;24.330;84.400;04.918;0.084;0.119
0;24.320;84.500;04.913;0.051;0.133
10;24.320;84.700;04.916;0.055;0.126
20;24.360;84.800;04.917;0.088;0.130
30;24.290;85.200;04.914;0.037;0.156
40;24.330;85.400;04.914;0.040;0.211
50;24.300;85.500;04.917;0.084;0.122
100;24.310;85.700;04.912;0.059;0.119
110;24.310;85.800;04.914;0.099;0.096
120;24.240;85.800;04.915;0.106;0.111
130;24.200;85.900;04.914;0.077;0.082
140;24.210;85.900;04.915;0.080;0.141
150;24.260;85.900;04.915;0.066;0.170
200;24.290;85.800;04.912;0.080;0.119
210;24.320;85.800;04.913;0.084;0.122
220;24.320;85.800;04.916;0.059;0.174
230;24.270;85.800;04.915;0.059;0.111
240;24.230;85.800;04.916;0.069;0.141
250;24.190;85.700;04.915;0.069;0.115
300;24.170;85.800;04.911;0.077;0.137
310;24.130;85.700;04.913;0.051;0.122
320;24.040;85.800;04.919;0.117;0.078
330;24.050;85.700;04.918;0.066;0.156
340;24.070;85.900;04.918;0.062;0.130
350;24.070;85.800;04.917;0.062;0.126
400;24.070;85.900;04.914;0.073;0.159
410;24.110;85.900;04.912;0.048;0.200
420;24.050;85.900;04.916;0.055;0.130
430;24.010;86.000;04.916;0.066;0.163
440;24.040;85.900;04.912;0.055;0.189
450;24.020;85.800;04.913;0.055;0.096
500;24.040;85.900;04.915;0.059;0.163
510;24.060;85.800;04.915;0.088;0.133
520;24.030;85.900;04.917;0.059;0.133
530;24.000;86.000;04.916;0.073;0.122
540;23.980;86.000;04.914;0.066;0.144
550;23.830;86.200;04.915;0.146;0.130
600;23.910;86.300;04.919;0.355;0.322
610;23.970;86.200;04.919;0.907;0.719
620;23.960;86.300;04.914;01.693;01.352
630;23.920;86.500;04.915;03.525;02.690
640;23.890;86.800;04.913;05.762;04.472
650;23.810;87.000;04.913;10.870;08.390
700;23.710;87.200;04.915;15.990;12.200
710;23.690;87.200;04.913;22.440;17.300
720;23.710;87.300;04.911;27.210;20.580
730;23.720;87.400;04.914;28.780;21.850
740;23.660;87.500;04.915;40.220;30.930
750;23.740;87.500;04.912;42.120;32.790
800;23.780;87.500;04.913;38.770;30.090
810;23.770;87.600;04.916;46.640;35.990
820;23.750;87.500;04.915;62.660;48.000
830;23.700;87.400;04.916;113.900;86.700
840;23.860;87.200;04.917;135.800;103.300
850;24.010;86.600;04.915;173.200;133.100
900;24.200;85.000;04.918;196.300;152.000
910;24.560;83.400;04.917;261.900;193.500
920;24.810;81.100;04.919;377.000;247.400
930;25.280;79.200;04.917;531.400;207.700
940;25.720;77.000;04.916;583.400;139.600
950;26.030;74.300;04.918;596.200;123.000
1000;26.320;73.000;04.913;622.500;126.000
1010;26.370;71.900;04.915;647.100;119.900
1020;26.690;71.400;04.916;671.200;116.700
1030;26.600;70.900;04.918;691.600;115.500
1040;26.770;71.200;04.918;711.000;114.100
1050;26.780;70.700;04.919;732.000;113.200
1100;26.910;71.000;04.919;752.000;111.700
1110;27.150;69.480;04.918;770.000;110.400
1120;27.280;69.350;04.917;785.000;109.000
1130;27.310;67.950;04.920;801.000;106.300
1140;27.770;67.980;04.923;814.000;104.700
1150;28.020;65.780;04.919;829.000;103.200
1200;28.100;64.940;04.923;840.000;102.000
1210;28.020;64.480;04.921;844.000;104.100
1220;27.950;65.440;04.923;851.000;104.900
1230;27.710;65.610;04.918;859.000;105.400
1240;27.690;65.980;04.920;867.000;104.000
1250;27.750;65.640;04.925;872.000;103.600
1300;27.820;64.740;04.925;875.000;102.700
1310;28.130;63.580;04.922;876.000;102.300
1320;28.330;62.210;04.924;876.000;101.600
1330;28.360;61.270;04.927;877.000;99.900
1340;28.530;60.510;04.927;875.000;98.500
1350;28.580;59.740;04.918;871.000;100.000
1400;28.390;62.370;04.920;866.000;100.000
1410;27.980;64.080;04.920;705.000;100.400
1420;27.950;65.180;04.921;851.000;99.700
1430;27.840;66.510;04.921;843.000;99.600
1440;27.810;66.940;04.917;831.000;101.200
1450;27.570;68.250;04.922;817.000;102.900
1500;27.550;68.710;04.926;799.000;105.500
1510;27.670;68.280;04.920;784.000;104.400
1520;27.490;68.780;04.920;770.000;103.200
1530;27.440;68.610;04.920;751.000;104.400
1540;27.350;69.910;04.920;729.000;105.600
1550;27.310;69.650;04.921;709.000;106.600
1600;27.590;69.480;04.922;688.200;106.500
1610;27.430;69.980;04.923;665.500;107.100
1620;27.230;70.500;04.920;641.900;107.900
1630;27.300;70.400;04.920;617.000;109.200
1640;27.350;71.000;04.919;593.000;109.700
1650;27.230;71.400;04.922;564.400;110.300
1700;27.270;71.700;04.923;538.300;111.500
1710;27.220;71.600;04.921;508.300;113.100
1720;27.100;72.400;04.917;481.700;113.300
1730;27.040;73.000;04.921;456.500;119.900
1740;27.020;73.200;04.919;426.000;169.100
1750;26.990;73.500;04.919;398.300;296.800
1800;26.890;73.900;04.920;366.800;343.000
1810;26.700;74.500;04.921;334.500;325.000
1820;26.780;74.500;04.921;301.600;293.800
1830;26.770;74.500;04.915;271.900;265.200
1840;26.650;74.900;04.922;240.800;235.200
1850;26.510;75.500;04.920;212.200;207.200
1900;26.450;75.900;04.922;183.900;179.600
1910;26.310;75.500;04.921;154.400;150.500
1920;26.210;76.100;04.923;129.300;125.600
1930;26.250;75.900;04.916;104.500;100.300
1940;26.210;77.100;04.920;82.300;77.700
1950;25.940;78.600;04.919;61.800;56.810
2000;25.760;79.500;04.923;42.710;38.690
2010;25.650;80.000;04.920;26.340;22.950
2020;25.550;80.500;04.919;13.230;10.730
2030;25.450;81.000;04.920;05.561;04.416
2040;25.330;81.600;04.922;01.898;01.482
2050;25.330;81.700;04.924;0.410;0.270
2100;25.290;82.000;04.918;0.102;0.115
2110;25.280;81.900;04.926;0.084;0.119
2120;25.240;82.000;04.923;0.080;0.111
2130;25.290;82.000;04.922;0.102;0.104
2140;25.290;82.700;04.924;0.084;0.089
2150;25.200;83.100;04.924;0.102;0.107
2200;25.130;83.600;04.917;0.069;0.126
2210;25.030;83.800;04.920;0.088;0.111
2220;25.020;83.900;04.920;0.069;0.126
2230;25.060;83.900;04.917;0.084;0.111
2240;25.030;83.800;04.920;0.080;0.130
2250;25.010;83.700;04.922;0.066;0.096
2300;25.040;83.600;04.915;0.062;0.170
2310;25.010;83.700;04.918;0.073;0.163
2320;24.980;83.900;04.918;0.080;0.130
2330;25.010;84.100;04.918;0.077;0.137
2340;25.030;84.200;04.918;0.077;0.119
2350;25.000;84.400;04.920;0.073;0.185
0;24.950;84.400;04.912;0.073;0.144
10;24.910;84.500;04.916;0.066;0.137
20;24.880;84.500;04.921;0.062;0.122
30;24.880;84.600;04.916;0.084;0.107
40;24.930;84.500;04.917;0.069;0.156
50;24.890;84.500;04.917;0.066;0.096
100;24.890;84.600;04.916;0.084;0.130
110;24.830;84.500;04.916;0.066;0.130
120;24.810;84.500;04.919;0.077;0.104
130;24.760;84.500;04.916;0.088;0.126
140;24.780;84.600;04.918;0.106;0.122
150;24.650;84.800;04.918;0.077;0.100
200;24.620;84.900;04.917;0.102;0.093
210;24.600;84.900;04.914;0.077;0.133
220;24.540;84.800;04.917;0.106;0.126
230;24.560;84.800;04.916;0.077;0.137
240;24.480;84.600;04.918;0.066;0.130
250;24.420;84.700;04.919;0.077;0.152
300;24.370;84.600;04.921;0.143;0.085
310;24.320;84.300;04.917;0.069;0.133
320;24.310;84.200;04.919;0.080;0.115
330;24.310;84.100;04.919;0.048;0.163
340;24.300;84.100;04.916;0.106;0.119
350;24.340;84.100;04.918;0.066;0.122
400;24.370;84.000;04.916;0.091;0.093
410;24.230;83.800;04.917;0.091;0.119
420;24.290;83.800;04.917;0.066;0.115
430;24.310;83.400;04.918;0.088;0.137
440;24.240;83.100;04.919;0.066;0.152
450;24.230;83.000;04.916;0.088;0.107
500;24.230;82.800;04.917;0.069;0.189
510;24.270;82.800;04.916;0.069;0.148
520;24.210;82.500;04.914;0.062;0.156
530;24.290;82.200;04.915;0.088;0.152
540;24.360;81.900;04.915;0.095;0.170
550;24.440;81.500;04.916;0.154;0.182
600;24.420;81.300;04.923;0.497;0.308
610;24.410;81.200;04.915;01.214;0.956
620;24.420;81.200;04.918;03.400;02.620
630;24.430;81.000;04.916;07.660;06.239
640;24.440;81.000;04.915;13.890;lis.40
650;24.360;80.900;04.917;21.360;17.590
700;24.240;81.000;04.920;30.650;26.820
710;24.160;81.000;04.915;51.950;40.250
720;24.130;80.900;04.921;79.900;63.730
730;24.160;80.900;04.918;129.500;109.900
740;24.290;80.800;04.917;152.600;124.400
750;24.370;80.400;04.918;168.000;141.100
800;24.520;80.000;04.916;258.800;227.900
810;24.850;79.400;04.918;307.800;274.900
820;25.090;78.300;04.918;334.900;301.800
830;25.330;77.400;04.919;363.100;327.800
840;25.610;76.100;04.918;390.300;355.100
850;25.710;74.900;04.916;424.500;387.900
900;25.910;74.400;04.916;455.200;415.300
910;26.260;73.800;04.918;485.200;386.600
920;26.480;72.300;04.915;520.200;224.800
930;26.670;71.000;04.919;546.300;118.300
940;26.840;69.610;04.920;573.200;101.700
950;27.240;68.810;04.917;598.800;98.400
1000;27.540;66.770;04.918;623.500;98.200
1010;27.720;65.440;04.916;649.700;96.100
1020;27.960;64.370;04.915;672.300;96.800
1030;28.310;63.370;04.917;693.800;96.600
1040;28.590;61.610;04.920;715.000;96.100
1050;28.830;61.040;04.918;733.000;95.800
1100;28.960;60.300;04.917;751.000;95.600
1110;29.060;59.440;04.920;770.000;94.900
1120;29.300;58.940;04.925;786.000;93.900
1130;29.280;58.370;04.918;800.000;92.600
1140;29.300;57.240;04.923;814.000;92.100
1150;29.510;57.100;04.925;824.000;91.500
1200;29.530;55.740;04.926;838.000;90.800
1210;29.550;55.340;04.929;847.000;90.700
1220;29.670;53.600;04.927;856.000;90.500
1230;30.060;52.900;04.928;862.000;90.600
1240;30.000;53.770;04.925;867.000;90.900
1250;30.180;53.130;04.926;871.000;91.100
1300;30.200;52.900;04.929;871.000;91.400
1310;30.130;53.970;04.920;871.000;92.200
1320;30.340;54.100;04.923;870.000;92.500
1330;30.220;54.600;04.918;869.000;92.800
1340;30.100;54.270;04.921;865.000;92.700
1350;30.040;54.040;04.923;861.000;92.300
1400;29.960;54.040;04.923;856.000;90.900
1410;30.110;52.800;04.924;850.000;90.300
1420;30.400;51.930;04.923;840.000;89.800
1430;30.520;51.230;04.925;832.000;88.700
1440;30.520;52.330;04.924;823.000;88.100
1450;30.460;52.600;04.925;811.000;87.600
1500;30.370;52.970;04.922;798.000;86.400
1510;30.770;50.700;04.921;783.000;85.000
1520;31.190;48.060;04.925;767.000;84.300
1530;31.380;48.560;04.923;750.000;83.900
1540;31.210;49.060;04.921;732.000;82.500
1550;30.880;50.260;04.923;712.000;82.000
1600;30.540;50.870;04.922;692.600;81.000
1610;30.330;51.060;04.920;669.200;80.300
1620;30.230;51.700;04.920;646.500;79.700
1630;30.550;50.000;04.922;624.400;79.200
1640;30.600;49.490;04.925;598.200;79.400
1650;30.700;49.160;04.923;572.400;79.300
1700;30.970;48.030;04.923;544.600;79.300
1710;30.890;47.360;04.923;517.300;79.300
1720;30.580;49.020;04.922;488.700;79.100
1730;30.310;49.220;04.924;460.500;81.800
1740;30.170;52.030;04.926;432.100;110.400
1750;29.960;56.460;04.915;401.600;220.900
1800;29.590;59.430;04.921;370.200;334.800
1810;29.370;60.830;04.921;337.900;336.400
1820;29.210;60.900;04.922;308.200;309.600
1830;29.230;60.730;04.920;276.900;279.000
1840;29.120;59.330;04.923;248.200;250.900
1850;29.140;59.730;04.923;183.900;222.300
1900;29.030;62.260;04.920;191.800;194.600
1910;28.790;63.300;04.917;164.800;167.500
1920;28.620;63.630;04.926;128.300;138.800
1930;28.480;63.930;04.920;111.600;112.500
1940;28.340;65.030;04.921;87.100;86.800
1950;28.170;65.900;04.928;61.460;59.960
2000;27.980;66.370;04.919;37.270;35.370
2010;27.820;67.870;04.924;22.850;21.270
2020;27.630;68.770;04.923;11.870;10.220
2030;27.400;70.400;04.926;05.792;04.902
2040;27.170;73.000;04.922;lut.95;01.775
2050;26.880;74.800;04.926;0.614;0.496
2100;26.740;77.000;04.922;0.157;0.137
2110;26.530;78.200;04.922;0.084;0.115
2120;26.350;79.000;04.917;0.073;0.126
2130;26.150;79.500;04.924;0.088;0.100
2140;26.000;79.900;04.923;0.102;0.119
2150;25.910;80.100;04.924;0.062;0.119
2200;25.900;80.200;04.617;0.084;0.144
2210;25.960;79.900;0.169;0.088;0.126
2220;25.770;80.200;0.250;0.055;0.111
2230;25.100;81.400;0.055;0.066;0.111
2240;24.670;82.300;0.056;0.099;0.122
2250;24.400;82.600;0.055;0.084;0.137
2300;24.090;82.900;0.054;0.099;0.104
2310;24.010;83.400;0.056;0.066;0.141
2320;24.020;83.400;0.055;0.091;0.152
2330;23.610;83.100;0.081;0.080;0.119
2340;23.390;83.500;0.054;0.044;0.141
2350;23.260;83.000;0.053;0.084;0.137
0;23.140;82.800;0.050;0.069;0.167
10;23.020;82.800;0.054;0.062;0.126
20;22.960;83.000;0.053;0.099;0.115
30;22.930;83.100;0.059;0.088;0.119
40;22.740;82.900;0.073;0.091;0.130
50;22.680;83.000;0.053;0.088;0.152
100;22.760;83.700;0.057;0.099;0.104
110;22.820;83.400;0.366;0.077;0.111
120;23.110;84.400;0.055;0.095;0.122
130;23.370;84.000;0.054;0.084;0.144
140;23.130;83.100;0.054;0.073;0.111
150;23.010;83.300;0.060;0.080;0.156
200;23.510;85.900;0.067;0.099;0.107
210;23.820;82.800;0.066;0.069;0.167
220;24.220;82.300;0.082;0.088;0.137
230;24.400;82.300;0.233;0.080;0.119
240;24.200;82.100;0.194;0.091;0.148
250;23.650;81.000;0.067;0.080;0.148
300;23.550;79.200;0.063;0.073;0.148
310;23.730;75.900;0.059;0.069;0.122
320;23.790;74.600;0.063;0.110;0.119
330;23.260;74.200;0.061;0.077;0.104
340;23.090;74.200;0.058;0.069;0.096
350;23.050;73.900;0.060;0.073;0.126
400;23.020;72.400;0.057;0.088;0.133
410;22.950;71.200;0.061;0.077;0.078
420;22.980;71.500;0.057;0.073;0.144
430;22.820;73.000;0.060;0.059;0.122
440;22.830;73.800;0.101;0.077;0.133
450;22.600;74.900;0.624;0.080;0.148
500;22.460;75.400;0.061;0.066;0.152
510;22.740;74.600;0.062;0.084;0.137
520;22.810;72.400;0.059;0.084;0.156
530;22.820;71.700;0.060;0.106;0.126
540;22.750;70.400;0.059;0.110;0.156
550;22.700;71.700;0.810;0.355;0.378
600;22.320;72.400;0.430;01.525;01.286
610;22.270;72.200;03.710;04.570;03.835
620;22.540;71.100;04.918;10.750;9.paï¿½
630;22.610;68.670;04.924;22.170;17.760
640;22.530;70.300;04.915;38.980;30.300
650;22.380;71.500;04.917;60.300;51.420
700;22.480;71.300;04.922;84.800;73.600
710;22.380;69.900;04.921;111.600;98.000
720;22.440;68.270;04.922;141.200;125.300
730;22.590;67.370;04.925;170.900;152.800
740;22.650;67.770;04.923;200.200;180.100
750;22.980;65.030;04.923;231.200;209.500
800;23.480;63.100;04.925;264.600;240.900
810;23.960;63.400;04.922;299.800;274.100
820;24.360;63.670;04.924;334.300;306.900
830;24.700;63.530;04.924;366.500;338.100
840;25.100;62.770;04.919;398.000;368.000
850;25.550;61.640;04.923;430.400;398.600
900;26.300;60.200;04.926;459.900;421.100
910;27.200;56.430;04.925;490.800;386.400
920;28.030;54.530;04.925;519.200;215.300
930;29.300;50.590;04.924;545.700;116.600
940;29.910;46.530;04.922;571.400;102.300
950;30.440;45.130;04.922;598.900;99.800
1000;30.700;43.630;04.924;624.400;98.900
1010;31.310;42.160;04.923;648.100;98.500
1020;31.750;41.260;04.927;673.200;98.200
1030;32.120;40.990;04.928;695.200;97.500
1040;32.790;39.020;04.926;714.000;96.600
1050;33.130;36.560;04.926;735.000;96.000
1100;33.670;35.420;04.921;756.000;95.500
1110;34.110;32.850;04.926;775.000;95.400
1120;34.570;30.690;04.928;794.000;95.000
1130;34.830;30.050;04.924;809.000;94.900
1140;35.160;28.880;04.925;822.000;94.600
1150;35.490;28.450;04.925;833.000;94.500
1200;35.780;27.880;04.921;841.000;94.400
1210;36.210;26.750;04.923;850.000;94.700
1220;36.370;26.710;04.922;855.000;95.300
1230;36.690;26.520;04.920;860.000;95.700
1240;36.590;31.890;04.925;862.000;96.200
1250;34.960;36.320;04.926;864.000;97.600
1300;34.160;36.790;04.926;864.000;98.400
1310;34.090;36.650;04.923;866.000;99.400
1320;34.350;35.850;04.924;864.000;99.600
1330;34.360;35.520;02.444;863.000;100.000
1340;34.780;34.950;0.070;855.000;100.300
1350;35.060;33.350;0.066;854.000;100.200
1400;35.160;34.520;0.068;850.000;99.900
1410;35.010;35.220;0.070;842.000;99.600
1420;34.640;36.720;0.068;832.000;99.400
1430;34.080;37.520;0.068;822.000;99.200
1440;34.230;37.350;0.069;810.000;99.500
1450;33.850;38.690;0.069;791.000;99.500
1500;33.710;38.650;0.067;779.000;99.700
1510;33.840;37.020;0.070;770.000;99.300
1520;34.170;36.320;0.068;753.000;98.400
1530;34.220;36.890;0.069;740.000;97.500
1540;34.020;37.020;0.070;723.000;97.000
1550;34.150;37.250;0.070;701.000;96.500
1600;34.300;36.350;0.070;680.200;95.000
1610;34.440;35.450;0.064;660.700;93.300
1620;34.690;35.380;0.068;634.300;93.200
1630;35.150;34.220;0.067;605.600;92.300
1640;35.360;32.820;0.069;579.200;91.500
1650;35.300;32.720;0.068;553.200;90.500
1700;35.220;32.880;0.069;529.200;89.400
1710;34.790;32.680;0.070;503.000;88.700
1720;34.800;32.550;0.068;475.100;88.100
1730;34.840;31.280;0.072;449.400;88.600
1740;34.920;31.080;0.075;422.600;103.200
1750;34.920;31.120;0.069;393.600;181.600
1800;34.730;31.750;0.070;364.300;304.100
1810;35.020;31.110;03.971;334.200;325.000
1820;34.960;31.180;04.918;307.500;304.100
1830;35.540;30.250;04.923;282.100;279.600
1840;36.460;26.310;04.916;252.000;251.200
1850;36.160;25.310;04.922;222.800;222.900
1900;36.010;25.650;04.910;193.100;193.000
1910;35.680;26.210;04.910;161.300;160.800
1920;35.380;27.980;04.912;119.200;116.900
1930;34.840;28.580;04.913;80.200;76.800
1940;34.480;28.850;04.922;57.630;55.060
1950;34.160;29.550;04.917;34.020;30.790
2000;33.740;30.150;04.919;27.170;25.410
2010;33.360;31.180;04.917;18.210;16.460
2020;33.030;32.050;04.922;09.320;sie.90
2030;32.650;33.110;04.916;03.700;03.160
2040;32.360;33.550;04.917;lut.77;01.775
2050;32.070;34.380;04.918;0.797;0.689
2100;31.690;35.850;04.915;0.110;0.122
2110;31.300;36.150;04.920;0.080;0.100
2120;31.190;35.850;04.921;0.099;0.063
2130;31.060;35.250;04.916;0.080;0.085
2140;30.950;35.410;04.920;0.066;0.115
2150;30.880;35.180;04.921;0.080;0.122
2200;30.920;34.680;04.915;0.095;0.115
2210;30.740;34.910;04.914;0.088;0.119
2220;30.620;35.510;04.918;0.091;0.067
2230;30.550;34.080;04.918;0.088;0.082
2240;30.470;32.240;04.923;0.077;0.122
2250;29.930;34.980;04.919;0.106;0.089
2300;29.150;39.380;04.918;0.091;0.096
2310;28.940;40.420;04.914;0.062;0.093
2320;28.820;41.080;04.919;0.066;0.115
2330;28.640;42.650;04.917;0.095;0.115
2340;28.160;44.850;04.918;0.077;0.096
2350;27.770;45.950;04.919;0.095;0.115
0;27.490;45.920;04.913;0.099;0.048
10;27.330;45.520;04.915;0.095;0.089
20;26.980;46.150;04.912;0.088;0.067
30;26.670;47.150;04.912;0.110;0.122
40;26.650;47.320;04.919;0.088;0.093
50;26.510;47.520;04.917;0.106;0.107
100;26.200;47.580;04.912;0.110;0.070
110;26.230;46.380;04.916;0.124;0.089
120;26.130;46.320;04.913;0.106;0.104
130;26.100;46.650;04.914;0.091;0.126
140;26.140;45.550;04.916;0.091;0.126
150;26.000;44.950;04.919;0.088;0.089
200;25.930;44.520;04.911;0.102;0.115
210;25.810;43.250;04.912;0.124;0.067
220;25.880;43.150;04.914;0.080;0.100
230;26.180;40.920;04.915;0.077;0.089
240;26.050;41.020;04.917;0.080;0.130
250;25.950;41.250;04.913;0.117;0.070
300;25.840;40.180;04.915;0.110;0.093
310;25.900;39.880;04.914;0.095;0.078
320;25.830;39.550;04.916;0.099;0.078
330;25.460;42.950;04.915;0.106;0.078
340;25.020;47.820;04.915;0.077;0.141
350;24.840;50.160;04.916;0.113;0.089
400;25.010;49.120;04.915;0.099;0.122
410;24.980;48.790;04.914;0.102;0.096
420;24.850;48.160;04.914;0.091;0.078
430;24.890;48.120;04.914;0.073;0.119
440;24.820;46.790;04.916;0.095;0.111
450;25.040;46.520;04.917;0.080;0.093
500;25.210;44.990;04.917;0.106;0.063
510;25.120;43.290;04.916;0.088;0.156
520;24.440;46.620;04.914;0.091;0.107
530;23.930;47.990;04.910;0.102;0.126
540;23.680;48.460;04.913;0.135;0.126
550;23.560;49.320;04.914;0.424;0.352
600;23.800;48.190;04.916;01.631;01.401
610;23.640;50.790;04.916;04.431;03.750
620;23.100;49.460;04.914;11.430;09.600
630;22.640;50.090;04.915;24.810;18.930
640;22.830;50.630;04.909;44.500;33.720
650;22.920;52.930;04.913;67.230;58.700
700;23.310;52.990;04.916;93.400;83.100
710;23.610;49.390;04.912;119.900;107.600
720;23.260;49.160;04.917;148.500;134.200
730;23.380;49.160;04.917;179.200;162.700
740;23.540;49.090;04.912;208.900;190.400
750;23.850;48.190;04.920;241.800;221.300
800;24.290;45.860;04.920;274.200;251.900
810;24.650;45.060;04.922;307.500;283.600
820;25.130;44.460;04.918;339.700;314.400
830;25.660;42.550;04.916;373.000;346.300
840;26.190;42.020;04.919;405.900;377.400
850;26.580;40.850;04.916;437.200;406.600
900;26.900;40.550;04.920;468.700;429.200
910;27.390;38.650;04.918;498.700;380.300
920;28.120;36.620;04.917;528.500;197.000
930;28.890;31.920;04.919;556.800;108.300
940;29.700;30.420;04.920;582.900;98.100
950;30.280;27.110;04.916;610.300;96.100
1000;30.770;26.950;04.919;633.800;96.700
1010;31.340;25.350;04.914;657.000;98.100
1020;31.830;24.250;04.916;680.000;98.600
1030;32.330;22.540;04.920;701.000;99.000
1040;32.750;21.840;04.919;724.000;98.400
1050;33.480;23.280;04.925;740.000;99.400
1100;31.750;37.820;04.912;752.000;100.200
1110;30.180;40.550;04.914;773.000;98.600
1120;29.540;40.190;04.912;790.000;98.300
1130;29.580;40.350;04.909;801.000;98.300
1140;29.570;39.550;04.912;815.000;97.900
1150;29.720;38.920;04.913;827.000;97.200
1200;29.780;39.620;04.912;838.000;97.200
1210;29.980;39.150;04.911;847.000;97.400
1220;30.070;40.050;04.912;854.000;97.300
1230;29.700;41.550;04.909;860.000;97.100
1240;29.500;45.790;04.909;865.000;96.600
1250;29.030;49.520;04.911;869.000;95.700
1300;29.070;50.760;04.910;871.000;95.800
1310;29.390;50.330;04.912;871.000;96.900
1320;29.670;49.590;04.913;870.000;96.800
1330;29.550;51.860;04.913;865.000;96.600
1340;29.550;51.530;04.911;863.000;95.500
1350;29.220;52.790;04.916;859.000;94.500
1400;29.010;54.060;04.911;853.000;94.800
1410;29.390;53.430;04.913;845.000;94.600
1420;29.550;54.830;04.912;836.000;94.900
1430;29.360;54.960;04.914;826.000;95.100
1440;29.300;54.960;04.910;815.000;95.300
1450;29.380;55.830;04.910;801.000;95.700
1500;29.170;57.700;04.909;787.000;95.900
1510;29.380;57.730;04.910;772.000;96.600
1520;29.160;59.100;04.910;755.000;96.500
1530;29.430;59.260;04.912;736.000;96.500
1540;29.400;59.900;04.912;718.000;97.300
1550;28.870;62.530;04.913;697.000;98.000
1600;28.700;63.060;04.914;677.100;97.900
1610;28.730;63.600;04.911;657.800;97.300
1620;28.790;62.800;04.908;632.600;96.600
1630;29.040;62.300;04.910;606.900;97.400
1640;29.220;61.900;04.909;581.600;97.200
1650;29.450;61.530;04.911;554.500;97.500
1700;29.190;62.160;04.912;526.500;98.600
1710;28.950;62.530;04.912;497.700;98.300
1720;28.690;63.100;04.908;468.800;97.300
1730;28.430;63.400;04.910;439.800;96.900
1740;28.400;63.330;04.908;411.800;109.300
1750;28.260;63.700;04.908;379.200;180.000
1800;28.670;63.530;04.909;350.800;288.800
1810;28.530;61.700;04.910;321.200;309.400
1820;28.500;61.400;04.910;292.200;285.900
1830;28.400;61.230;04.908;261.700;256.600
1840;28.410;61.430;04.906;232.000;228.100
1850;28.210;61.860;04.905;203.100;199.900
1900;27.980;62.260;04.906;175.400;172.800
1910;27.810;63.560;04.905;147.700;145.100
1920;27.480;65.930;04.903;122.000;119.300
1930;26.890;68.030;04.906;98.100;95.000
1940;26.670;68.360;04.906;75.700;72.600
1950;26.590;68.590;04.906;55.630;52.250
2000;26.480;69.600;04.902;38.030;34.440
2010;26.370;71.200;04.903;23.350;20.270
2020;26.070;73.500;04.905;12.530;10.530
2030;25.750;75.900;04.905;05.927;04.846
2040;25.340;78.100;04.907;02.293;01.823
2050;25.140;79.100;04.904;0.717;0.559
2100;25.050;79.000;04.903;0.168;0.163
2110;25.150;78.700;04.904;0.110;0.070
2120;25.300;78.200;04.906;0.073;0.144
2130;25.380;77.200;04.905;0.069;0.093
2140;25.480;76.200;04.903;0.117;0.074
2150;25.450;76.300;04.907;0.077;0.144
2200;25.420;76.800;04.899;0.080;0.167
2210;25.210;77.800;04.903;0.121;0.070
2220;25.060;78.700;04.906;0.106;0.122
2230;24.900;79.300;04.905;0.102;0.093
2240;24.680;80.200;04.908;0.091;0.100
2250;24.220;82.100;04.910;0.102;0.063
2300;24.010;83.000;04.904;0.073;0.152
2310;23.860;83.900;04.903;0.069;0.141
2320;23.820;84.300;04.907;0.088;0.111
2330;23.810;84.600;04.909;0.073;0.148
2340;23.590;84.600;04.912;0.088;0.107
2350;23.370;84.900;04.915;0.077;0.144
0;23.490;85.100;04.916;0.069;0.096
10;23.630;84.800;04.907;0.080;0.111
20;24.210;80.800;04.912;0.110;0.070
30;24.720;73.700;04.912;0.095;0.089
40;24.760;70.300;04.911;0.110;0.093
50;24.740;70.400;04.911;0.084;0.122
100;24.840;69.990;04.905;0.088;0.122
110;24.830;69.960;04.911;0.084;0.133
120;24.590;71.500;04.912;0.102;0.130
130;24.390;72.600;04.911;0.128;0.067
140;24.180;73.400;04.910;0.073;0.115
150;24.120;73.900;04.912;0.088;0.119
200;24.060;74.300;04.908;0.095;0.078
210;23.970;74.800;04.908;0.088;0.104
220;23.900;75.000;04.911;0.106;0.115
230;23.810;75.700;04.909;0.073;0.115
240;23.630;76.700;04.910;0.080;0.100
250;23.470;77.200;04.913;0.062;0.141
300;23.390;77.600;04.914;0.102;0.148
310;23.400;77.500;04.909;0.091;0.115
320;23.340;77.700;04.910;0.080;0.144
330;23.230;77.900;04.911;0.088;0.137
340;23.160;78.200;04.911;0.110;0.115
350;23.080;78.600;04.914;0.117;0.133
400;22.950;78.900;04.911;0.102;0.074
410;22.850;79.200;04.908;0.051;0.196
420;22.750;79.500;04.910;0.084;0.141
430;22.700;79.500;04.910;0.091;0.130
440;22.690;79.500;04.909;0.084;0.196
450;22.630;79.500;04.913;0.110;0.111
500;22.590;79.400;04.913;0.110;0.122
510;22.540;79.500;04.907;0.088;0.130
520;22.460;79.600;04.908;0.077;0.096
530;22.310;79.900;04.910;0.084;0.148
540;22.220;80.100;04.911;0.095;0.170
550;22.100;80.300;04.910;0.362;0.333
600;22.130;80.400;04.911;01.543;01.245
610;22.150;80.300;04.911;04.143;03.398
620;22.190;80.200;04.909;10.420;08.590
630;22.230;79.800;04.907;21.670;17.050
640;22.220;79.600;04.913;38.200;30.200
650;22.210;79.500;04.908;57.340;48.610
700;22.180;79.500;04.911;78.600;67.290
710;22.080;79.300;04.908;104.500;90.600
720;22.070;79.300;04.909;134.000;117.500
730;22.160;79.000;04.911;165.200;146.100
740;22.230;77.900;04.907;196.400;174.500
750;22.340;77.200;04.911;228.000;203.800
800;22.510;76.500;04.910;259.800;233.200
810;22.560;75.400;04.910;293.300;264.700
820;22.750;74.900;04.909;325.200;294.100
830;23.030;74.100;04.910;354.300;320.900
840;23.170;72.300;04.909;386.800;351.200
850;23.510;71.700;04.906;419.200;382.100
900;23.600;69.430;04.908;449.900;402.100
910;23.840;68.270;04.911;478.400;345.400
920;24.100;66.900;04.912;509.500;180.600
930;24.370;65.000;04.908;540.900;111.500
940;24.650;63.470;04.912;570.200;101.700
950;25.000;61.830;04.909;598.400;99.700
1000;25.470;60.630;04.911;624.500;99.100
1010;25.710;60.230;04.908;649.800;97.300
1020;26.180;57.700;04.908;674.200;95.500
1030;26.750;57.230;04.910;697.700;94.400
1040;27.060;55.190;04.909;719.000;93.300
1050;27.140;54.430;04.910;738.000;93.200
1100;28.000;51.830;04.909;756.000;93.000
1110;28.390;48.160;04.910;775.000;92.100
1120;28.530;46.220;04.913;793.000;91.200
1130;29.110;45.190;04.911;808.000;89.900
1140;28.980;43.720;04.914;823.000;89.700
1150;29.620;40.490;04.913;835.000;88.500
1200;29.830;37.750;04.910;844.000;88.600
1210;30.110;35.650;04.914;854.000;87.600
1220;30.550;33.320;04.915;863.000;87.700
1230;31.010;33.120;04.912;869.000;89.300
1240;30.300;49.530;04.912;867.000;93.600
1250;30.340;49.630;04.913;862.000;98.200
1300;29.920;53.330;04.913;859.000;101.600
1310;29.880;52.430;04.913;875.000;97.900
1320;29.410;55.430;04.910;872.000;97.900
1330;29.360;55.400;04.909;869.000;98.200
1340;29.420;55.100;04.908;867.000;95.900
1350;29.210;55.800;04.912;868.000;93.300
1400;29.320;54.600;04.908;862.000;92.600
1410;29.310;54.930;04.909;853.000;93.500
1420;29.360;55.060;04.908;843.000;93.200
1430;29.390;54.930;04.910;831.000;93.700
1440;29.510;55.130;04.908;820.000;93.800
1450;29.390;56.030;04.911;806.000;93.500
1500;29.350;55.560;04.908;791.000;92.100
1510;29.110;56.290;04.907;777.000;90.200
1520;29.370;55.990;04.909;763.000;87.800
1530;29.660;54.930;04.912;744.000;86.700
1540;29.740;54.190;04.910;726.000;86.700
1550;29.720;54.290;04.909;704.000;87.400
1600;30.060;53.490;04.913;686.200;86.800
1610;30.020;52.990;04.913;665.700;85.600
1620;30.080;52.330;04.910;645.200;83.800
1630;30.290;51.630;04.913;618.100;83.500
1640;30.070;52.790;04.911;592.600;83.100
1650;30.210;52.660;04.913;563.900;83.300
1700;30.210;52.160;04.912;536.200;83.100
1710;30.140;51.830;04.909;512.400;82.500
1720;30.260;51.330;04.911;484.400;82.700
1730;30.130;52.030;04.908;457.700;81.500
1740;29.830;52.760;04.910;432.400;88.800
1750;29.650;53.460;04.910;403.400;145.900
1800;29.970;53.090;04.912;371.300;279.400
1810;29.810;53.130;04.920;340.500;329.900
1820;30.030;52.030;04.912;309.500;308.800
1830;30.810;49.090;04.918;280.500;281.800
1840;31.830;31.180;04.915;251.800;254.800
1850;31.570;30.920;04.916;221.500;224.700
1900;31.270;31.420;04.917;194.200;198.000
1910;31.160;31.580;04.918;164.700;168.200
1920;30.980;31.780;04.919;138.500;141.800
1930;30.600;32.520;04.917;113.700;117.500
1940;30.300;33.020;04.912;85.400;91.700
1950;29.970;33.980;04.916;70.700;72.500
2000;29.500;35.980;04.917;52.870;53.580
2010;29.200;36.790;04.915;35.070;34.720
2020;28.910;37.620;04.920;16.940;14.590
2030;28.660;38.420;04.916;08.850;07.820
2040;28.310;39.320;04.915;03.408;02.831
2050;27.940;40.250;04.913;0.786;0.700
2100;27.640;40.620;04.910;0.139;0.200
2110;27.440;40.590;04.915;0.091;0.107
2120;27.160;40.990;04.914;0.084;0.100
2130;26.820;42.590;04.911;0.121;0.096
2140;26.480;44.690;04.916;0.095;0.078
2150;26.250;46.760;04.917;0.073;0.104
2200;25.960;49.390;04.910;0.106;0.059
2210;25.700;51.360;04.913;0.069;0.082
2220;25.380;53.660;04.917;0.121;0.093
2230;25.060;54.630;04.917;0.069;0.122
2240;24.900;55.490;04.918;0.117;0.096
2250;24.740;56.390;04.920;0.110;0.082
2300;24.620;56.660;04.912;0.062;0.119
2310;24.510;57.030;04.915;0.095;0.111
2320;24.500;56.890;04.918;0.091;0.085
2330;24.430;57.400;04.918;0.102;0.137
2340;24.290;57.630;04.918;0.113;0.096
2350;24.120;57.600;04.918;0.128;0.093
0;24.020;57.200;04.913;0.084;0.059
10;23.950;56.430;04.912;0.117;0.100
20;23.920;56.230;04.913;0.091;0.122
30;23.840;56.030;04.916;0.121;0.067
40;23.710;56.490;04.915;0.095;0.115
50;23.900;56.260;04.914;0.110;0.111
100;23.710;56.060;04.910;0.091;0.122
110;23.480;55.790;04.909;0.110;0.074
120;23.520;55.430;04.912;0.110;0.104
130;23.430;57.300;04.913;0.080;0.119
140;23.160;61.000;04.912;0.113;0.096
150;22.780;62.730;04.912;0.117;0.096
200;22.640;63.360;04.907;0.084;0.100
210;22.600;63.330;04.911;0.110;0.096
220;22.470;63.970;04.909;0.113;0.067
230;22.240;64.570;04.908;0.088;0.115
240;22.080;64.800;04.908;0.088;0.104
250;21.940;64.570;04.910;0.073;0.130
300;21.860;64.860;04.908;0.088;0.104
310;21.790;65.400;04.911;0.099;0.133
320;21.660;65.970;04.911;0.077;0.126
330;21.400;66.170;04.909;0.084;0.115
340;21.380;66.470;04.908;0.084;0.104
350;21.390;66.800;04.911;0.084;0.130
400;21.210;67.100;04.910;0.073;0.137
410;21.040;66.970;04.911;0.095;0.089
420;20.980;66.170;04.912;0.088;0.082
430;21.000;66.330;04.910;0.080;0.096
440;20.950;66.670;04.913;0.132;0.070
450;20.680;67.370;04.910;0.059;0.141
500;20.600;67.670;04.909;0.088;0.115
510;20.520;67.370;04.910;0.069;0.130
520;20.510;67.170;04.913;0.117;0.089
530;20.770;66.570;04.913;0.091;0.104
540;20.900;65.770;04.916;0.106;0.119
550;20.720;66.100;04.911;0.391;0.330
600;20.960;64.570;04.910;01.678;01.397
610;20.910;67.530;04.909;04.943;04.172
620;20.570;69.940;04.909;11.910;09.840
630;20.480;69.770;04.914;28.760;17.380
640;20.470;69.440;04.911;51.620;32.640
650;20.130;68.940;04.911;75.000;66.680
700;20.180;69.470;04.912;101.000;91.500
710;20.320;68.870;04.912;129.100;118.100
720;20.630;66.040;04.911;160.200;147.700
730;21.090;64.100;04.913;191.200;177.500
740;21.460;60.970;04.914;219.500;204.500
750;21.890;58.000;04.913;249.700;233.600
800;22.320;55.930;04.914;282.200;265.000
810;22.670;54.170;04.912;316.000;298.200
820;23.150;52.600;04.917;349.400;330.700
830;23.720;49.430;04.916;382.600;363.800
840;24.400;46.230;04.918;414.400;395.100
850;24.970;42.160;04.917;447.200;427.000
900;25.580;39.160;04.917;477.200;441.200
910;26.140;37.720;04.918;506.600;342.900
920;27.000;35.560;04.915;535.800;139.100
930;27.600;32.190;04.911;563.000;74.400
940;28.010;31.890;04.915;590.600;67.960
950;28.730;30.450;04.915;616.900;67.110
1000;29.410;28.820;04.919;644.000;66.350
1010;29.890;27.620;04.913;668.900;66.170
1020;30.110;27.620;04.912;694.000;65.800
1030;30.540;27.450;04.915;715.000;65.670
1040;31.100;26.820;04.918;736.000;65.600
1050;31.300;26.020;04.916;755.000;66.900
1100;31.650;25.320;04.913;774.000;66.650
1110;31.990;24.850;04.913;790.000;65.520
1120;32.210;24.350;04.916;808.000;64.370
1130;32.520;23.980;04.916;824.000;63.580
1140;32.940;24.180;04.918;838.000;62.850
1150;33.390;22.910;04.918;852.000;62.520
1200;33.730;21.650;04.918;860.000;63.730
1210;34.210;21.610;04.917;867.000;65.630
1220;34.250;21.410;04.919;876.000;64.850
1230;34.410;22.450;04.916;881.000;64.880
1240;34.550;22.380;04.917;889.000;64.520
1250;34.620;22.750;04.919;892.000;64.750
1300;34.790;21.780;04.913;894.000;65.370
1310;35.090;21.110;04.915;894.000;65.220
1320;34.990;20.980;04.919;892.000;65.400
1330;35.120;21.150;04.917;892.000;66.620
1340;35.430;21.750;04.920;890.000;67.100
1350;35.530;23.350;04.924;885.000;68.920
1400;35.550;23.050;04.918;879.000;68.840
1410;35.880;22.610;04.921;869.000;69.390
1420;35.680;21.110;04.919;860.000;69.570
1430;35.970;21.310;04.921;849.000;70.700
1440;36.370;21.580;04.915;835.000;71.900
1450;36.540;21.310;04.918;820.000;72.100
1500;36.650;21.710;04.917;806.000;71.300
1510;36.840;20.880;04.915;794.000;70.600
1520;37.010;19.810;04.914;780.000;69.660
1530;36.880;19.240;04.918;764.000;68.570
1540;36.730;18.280;04.917;745.000;68.130
1550;37.260;21.110;04.914;723.000;68.660
1600;36.650;24.280;04.912;696.700;69.240
1610;35.840;26.350;04.909;674.900;68.460
1620;35.250;27.880;04.907;649.700;68.140
1630;34.980;28.410;04.908;626.200;68.110
1640;34.990;28.680;04.907;600.800;67.710
1650;34.730;29.380;04.907;574.400;67.730
1700;34.520;30.580;04.910;545.200;68.130
1710;34.280;31.180;04.908;516.400;67.780
1720;34.020;31.920;04.907;489.800;67.010
1730;34.020;31.880;04.908;458.900;67.080
1740;34.100;31.980;04.908;432.200;72.000
1750;34.200;31.750;04.908;406.300;114.600
1800;34.250;31.680;04.909;377.500;252.000
1810;34.480;31.650;04.913;347.600;335.000
1820;34.690;31.550;04.919;320.100;324.000
1830;35.270;29.450;04.913;289.100;294.600
1840;35.420;21.440;04.918;259.500;266.100
1850;35.000;22.010;04.916;229.900;237.100
1900;34.880;21.940;04.915;200.400;207.500
1910;34.630;22.210;04.914;170.800;177.400
1920;34.220;23.380;04.916;142.500;148.300
1930;33.820;23.780;04.915;116.200;120.600
1940;33.460;23.880;04.917;91.300;95.200
1950;33.110;23.480;04.916;68.370;70.700
2000;32.790;22.280;04.916;48.980;49.640
2010;32.580;21.910;04.916;30.660;30.110
2020;32.220;24.680;04.916;14.120;12.250
2030;31.920;24.910;04.914;06.450;05.484
2040;31.630;24.480;04.912;02.545;02.116
2050;31.340;23.680;04.913;0.684;0.611
2100;31.120;23.410;04.913;0.124;0.163
2110;31.020;22.510;04.917;0.099;0.104
2120;30.900;21.640;04.916;0.106;0.085
2130;30.650;22.840;04.915;0.095;0.100
2140;30.060;24.010;04.914;0.084;0.078
2150;29.500;25.340;04.914;0.088;0.104
2200;29.170;25.710;04.916;0.091;0.082
2210;29.110;26.480;04.916;0.088;0.122
2220;28.800;28.010;04.912;0.062;0.167
2230;28.500;28.910;04.913;0.077;0.100
2240;28.190;29.880;04.915;0.091;0.104
2250;28.040;29.680;04.915;0.099;0.122
2300;27.890;29.940;04.913;0.069;0.104
2310;27.640;30.310;04.916;0.102;0.085
2320;27.360;31.910;04.916;0.088;0.044
2330;26.990;32.180;04.913;0.091;0.089
2340;26.910;31.880;04.916;0.073;0.141
2350;26.740;32.410;04.918;0.084;0.104
0;26.580;32.980;04.915;0.077;0.122
10;26.540;32.910;04.914;0.077;0.156
20;26.530;32.710;04.917;0.073;0.115
30;26.510;33.180;04.916;0.132;0.074
40;26.410;33.250;04.914;0.073;0.126
50;26.460;33.080;04.914;0.117;0.085
100;26.270;34.050;04.914;0.080;0.107
110;25.820;36.380;04.913;0.124;0.056
120;25.360;37.310;04.917;0.091;0.104
130;25.360;37.450;04.911;0.080;0.096
140;25.220;38.050;04.916;0.073;0.104
150;24.940;38.980;04.915;0.055;0.167
200;24.780;39.550;04.913;0.095;0.074
210;24.690;39.520;04.914;0.080;0.122
220;24.700;39.080;04.916;0.084;0.107
230;24.340;40.220;04.915;0.091;0.082
240;23.970;41.450;04.913;0.080;0.152
250;23.660;42.150;04.910;0.117;0.078
300;23.860;41.680;04.913;0.088;0.093
310;23.880;41.350;04.913;0.106;0.074
320;24.000;40.680;04.915;0.091;0.078
330;23.870;41.050;04.915;0.099;0.115
340;23.640;42.850;04.913;0.106;0.115
350;22.640;45.690;04.914;0.095;0.104
400;22.130;46.190;04.912;0.095;0.104
410;22.020;46.360;04.912;0.088;0.104
420;22.090;45.920;04.914;0.073;0.070
430;22.130;45.590;04.913;0.095;0.133
440;22.220;45.260;04.915;0.110;0.082
450;22.200;45.450;04.916;0.095;0.096
500;22.220;45.520;04.915;0.091;0.115
510;21.760;49.560;04.913;0.099;0.111
520;21.050;50.360;04.910;0.106;0.074
530;21.370;50.160;04.911;0.091;0.133
540;21.320;50.160;04.913;0.073;0.167
550;21.300;50.420;04.913;0.329;0.345
600;21.540;49.160;04.911;01.422;01.141
610;21.540;48.820;04.914;kwi.33;03.398
620;21.570;48.520;04.915;10.210;08.530
630;21.120;50.390;04.912;21.650;16.440
640;20.710;50.860;04.911;39.820;27.720
650;20.810;50.760;04.910;62.860;54.640
700;20.990;50.690;04.911;88.600;78.800
710;21.050;50.860;04.912;115.400;103.600
720;21.230;50.760;04.915;144.800;131.300
730;21.810;49.620;04.919;175.100;159.600
740;22.990;48.790;04.917;207.800;189.800
750;23.670;44.920;04.911;241.100;221.500
800;24.090;46.390;04.913;271.200;251.300
810;24.400;47.160;04.912;303.900;282.800
820;24.920;49.990;04.912;335.600;313.200
830;25.800;56.230;04.914;365.600;341.600
840;26.180;60.700;04.911;400.300;374.300
850;26.000;62.400;04.909;431.600;403.300
900;26.140;62.860;04.907;461.600;407.600
910;26.340;62.930;04.906;491.800;280.500
920;26.780;63.000;04.906;520.600;117.500
930;26.870;62.300;04.908;549.700;81.500
940;27.140;61.630;04.904;576.800;79.400
950;27.290;60.860;04.905;603.000;78.400
1000;27.510;59.560;04.909;628.600;78.900
1010;27.910;58.230;04.906;652.100;80.100
1020;28.000;58.360;04.906;673.900;80.600
1030;28.030;59.130;04.907;696.100;81.400
1040;27.850;60.330;04.908;717.000;81.600
1050;27.780;60.230;04.908;738.000;81.800
1100;27.600;61.500;04.908;757.000;82.100
1110;27.600;62.260;04.908;773.000;82.300
1120;27.410;63.200;04.908;790.000;82.200
1130;27.380;63.400;04.909;805.000;81.500
1140;27.440;63.600;04.908;818.000;82.300
1150;27.460;63.400;04.908;829.000;82.800
1200;27.270;63.930;04.909;839.000;82.900
1210;27.380;63.970;04.909;848.000;83.400
1220;27.580;63.330;04.911;857.000;82.900
1230;27.590;61.260;04.909;863.000;82.100
1240;27.750;60.700;04.910;870.000;81.300
1250;28.160;59.960;04.907;874.000;81.000
1300;28.160;60.660;04.910;876.000;80.700
1310;28.330;61.330;04.909;876.000;81.200
1320;28.560;60.760;04.908;875.000;81.000
1330;28.440;61.630;04.913;874.000;81.000
1340;28.350;62.100;04.910;870.000;81.400
1350;28.380;62.030;04.914;865.000;81.200
1400;28.270;62.730;04.909;859.000;81.000
1410;28.220;62.560;04.910;852.000;81.100
1420;28.610;61.860;04.911;844.000;81.000
1430;28.630;61.230;04.909;834.000;80.400
1440;28.730;60.800;04.912;823.000;80.000
1450;28.640;61.100;04.911;811.000;78.900
1500;28.690;60.830;04.910;798.000;77.700
1510;28.730;60.330;04.910;785.000;76.100
1520;29.170;59.430;04.910;769.000;74.700
1530;29.160;58.830;04.911;752.000;73.800
1540;29.130;58.500;04.910;734.000;73.000
1550;29.050;58.760;04.910;715.000;72.800
1600;29.250;59.130;04.910;694.300;72.800
1610;28.950;60.630;04.911;670.600;72.700
1620;28.760;61.000;04.913;648.600;72.500
1630;28.660;61.030;04.910;624.200;71.600
1640;28.790;60.460;04.908;600.600;71.200
1650;28.810;60.330;04.911;574.200;70.700
1700;28.890;59.930;04.913;547.800;70.300
1710;28.860;59.760;04.914;519.700;70.100
1720;28.890;59.060;04.910;491.800;69.610
1730;28.680;59.730;04.912;462.500;69.630
1740;28.570;59.530;04.909;434.000;74.800
1750;28.660;59.000;04.913;403.800;118.600
1800;28.700;59.130;04.913;372.900;255.100
1810;28.500;58.500;04.909;341.700;327.400
1820;28.420;58.930;04.907;311.800;317.700
1830;28.540;57.930;04.910;281.400;288.200
1840;28.310;57.930;04.907;250.000;257.000
1850;28.150;56.990;04.906;219.400;226.400
1900;28.000;56.090;04.908;189.700;196.500
1910;28.050;56.430;04.909;160.600;166.700
1920;27.850;55.960;04.910;134.900;140.200
1930;27.800;57.660;04.910;108.400;112.300
1940;27.620;58.460;04.910;84.000;86.400
1950;27.490;58.360;04.908;63.300;64.360
2000;27.540;58.030;04.909;43.280;43.020
2010;27.420;58.130;04.908;26.250;24.960
2020;27.250;58.490;04.911;12.760;10.920
2030;27.100;59.060;04.910;05.890;04.950
2040;26.990;61.260;04.908;02.194;01.878
2050;26.890;62.990;04.910;0.614;0.526
2100;26.730;63.930;04.912;0.121;0.178
2110;26.530;65.060;04.911;0.091;0.115
2120;26.360;65.890;04.910;0.113;0.104
2130;26.190;66.630;04.909;0.099;0.107
2140;26.080;67.100;04.911;0.102;0.115
2150;26.020;68.130;04.914;0.091;0.096
2200;25.420;69.060;04.911;0.139;0.059
2210;24.720;69.360;04.909;0.084;0.115
2220;24.180;69.430;04.913;0.088;0.085
2230;24.020;69.800;04.911;0.091;0.100
2240;23.890;70.700;04.912;0.110;0.126
2250;23.730;71.300;04.913;0.084;0.093
2300;23.830;71.800;04.906;0.113;0.070
2310;23.550;72.100;04.908;0.088;0.107
2320;23.560;73.000;04.911;0.091;0.093
2330;23.620;73.700;04.908;0.106;0.082
2340;23.400;73.600;04.911;0.091;0.085
2350;23.180;74.200;04.912;0.106;0.089
0;23.090;74.700;04.907;0.106;0.133
10;23.030;74.900;04.909;0.110;0.115
20;22.910;74.800;04.911;0.106;0.111
30;22.920;74.900;04.908;0.084;0.089
40;22.980;75.200;04.909;0.069;0.111
50;23.050;75.700;04.909;0.099;0.082
100;23.240;75.500;04.902;0.091;0.111
110;23.000;74.900;04.907;0.132;0.070
120;22.860;75.800;04.909;0.102;0.100
130;23.030;75.900;04.909;0.099;0.093
140;23.020;75.800;04.909;0.080;0.126
150;22.870;76.300;04.909;0.095;0.126
200;22.900;76.600;04.908;0.121;0.078
210;22.980;76.700;04.908;0.077;0.156
220;22.920;75.500;04.907;0.110;0.100
230;23.090;75.100;04.909;0.073;0.126
240;23.460;74.200;04.906;0.102;0.067
250;23.500;72.000;04.911;0.113;0.093
300;23.490;70.500;04.907;0.084;0.122
310;23.470;69.630;04.908;0.113;0.089
320;23.540;69.770;04.908;0.069;0.141
330;23.460;70.400;04.909;0.117;0.082
340;23.010;71.800;04.908;0.080;0.096
350;23.000;72.000;04.910;0.102;0.093
400;23.180;71.800;04.908;0.099;0.133
410;23.160;71.200;04.910;0.095;0.144
420;22.820;71.700;04.906;0.077;0.178
430;22.620;72.100;04.908;0.084;0.089
440;22.550;72.300;04.909;0.091;0.119
450;22.350;73.400;04.908;0.091;0.122
500;22.130;74.700;04.908;0.059;0.130
510;22.100;75.500;04.909;0.099;0.107
520;21.550;77.200;04.907;0.084;0.144
530;21.340;78.200;04.908;0.091;0.137
540;21.260;78.600;04.909;0.084;0.156
550;21.070;79.400;04.905;0.293;0.308
600;21.070;79.700;04.908;01.265;sty.89
610;20.920;80.200;04.905;03.466;02.905
620;20.870;80.600;04.906;08.660;07.120
630;20.790;80.900;04.906;17.030;13.760
640;20.890;81.200;04.906;31.800;24.820
650;21.040;81.200;04.905;56.170;46.220
700;21.320;81.300;04.919;80.200;68.470
710;21.540;80.900;04.913;104.800;90.300
720;21.910;80.300;04.908;130.900;113.600
730;22.070;79.100;04.906;159.900;140.100
740;22.490;79.000;04.908;192.100;169.700
750;22.990;78.500;04.905;226.000;201.400
800;23.400;77.400;04.910;257.500;229.600
810;24.090;77.200;04.909;293.700;265.200
820;24.460;76.900;04.907;329.300;299.500
830;24.720;77.500;04.908;361.600;330.100
840;24.790;77.600;04.908;383.300;350.100
850;24.990;77.900;04.908;411.600;370.800
900;25.250;77.500;04.911;460.800;387.500
910;25.510;76.300;04.909;492.700;251.200
920;25.890;74.900;04.909;518.800;118.200
930;26.190;72.600;04.908;545.800;94.600
940;26.460;70.700;04.907;574.000;93.200
950;26.920;70.200;04.909;600.300;95.500
1000;27.010;69.230;04.906;626.400;95.700
1010;27.170;69.670;04.905;651.300;93.400
1020;27.240;69.030;04.907;676.100;91.500
1030;27.200;68.630;04.905;699.500;90.800
1040;27.290;68.770;04.905;720.000;90.700
1050;27.440;68.430;04.908;740.000;89.700
1100;27.550;68.670;04.906;759.000;89.300
1110;27.630;68.830;04.906;778.000;88.300
1120;27.480;68.870;04.907;794.000;88.200
1130;27.430;69.430;04.904;808.000;87.500
1140;27.670;68.900;04.908;822.000;86.500
1150;27.790;67.900;04.909;835.000;85.400
1200;28.120;66.430;04.905;846.000;84.500
1210;28.360;65.800;04.908;855.000;84.300
1220;28.540;65.130;04.909;862.000;85.200
1230;28.530;65.270;04.907;868.000;85.400
1240;28.590;65.540;04.908;873.000;85.500
1250;28.700;65.740;04.909;878.000;85.400
1300;28.850;65.370;04.903;877.000;85.900
1310;29.020;64.540;04.905;879.000;84.500
1320;29.210;64.000;04.908;880.000;83.400
1330;29.190;64.240;04.908;878.000;83.700
1340;29.320;64.440;04.908;876.000;82.800
1350;29.370;62.910;04.909;871.000;82.300
1400;29.460;63.140;04.909;865.000;82.000
1410;29.450;62.370;04.908;857.000;82.600
1420;29.310;62.910;04.906;848.000;83.000
1430;29.140;63.340;04.908;836.000;82.400
1440;29.350;63.010;04.909;825.000;81.900
1450;29.560;61.940;04.910;814.000;81.200
1500;29.480;62.570;04.907;802.000;80.100
1510;29.530;62.470;04.908;788.000;79.500
1520;29.490;62.630;04.909;769.000;79.900
1530;29.440;62.630;04.907;752.000;80.400
1540;29.620;62.140;04.908;733.000;80.300
1550;29.400;62.700;04.908;714.000;81.100
1600;29.400;63.170;04.910;692.900;81.000
1610;29.630;62.270;04.907;670.000;80.500
1620;29.390;61.030;04.908;647.600;80.200
1630;29.530;60.030;04.909;623.200;79.900
1640;29.560;58.500;04.908;598.600;78.800
1650;29.560;56.660;04.908;573.000;77.600
1700;29.720;54.900;04.911;546.500;76.400
1710;29.560;51.960;04.908;520.100;75.300
1720;29.540;51.560;04.908;492.100;74.100
1730;29.420;49.890;04.909;463.100;73.300
1740;29.390;50.360;04.908;432.700;74.700
1750;29.640;50.460;04.909;403.800;94.800
1800;29.440;51.190;04.907;374.200;208.400
1810;29.280;49.990;04.906;342.800;319.900
1820;29.360;46.360;04.909;312.100;316.300
1830;29.340;49.690;04.909;281.000;287.300
1840;29.250;48.660;04.908;250.200;256.700
1850;29.250;51.860;04.910;220.000;226.600
1900;28.880;52.590;04.910;189.500;195.900
1910;28.670;54.660;04.912;160.300;166.200
1920;28.480;55.590;04.909;133.400;138.500
1930;28.250;57.100;04.909;107.300;110.800
1940;28.220;61.100;04.908;83.900;85.900
1950;27.880;62.700;04.907;61.770;62.280
2000;27.470;65.700;04.908;41.600;40.840
2010;27.100;66.230;04.910;23.610;21.710
2020;27.040;66.230;04.909;11.780;10.100
2030;26.970;66.800;04.910;05.411;04.554
2040;26.940;67.230;04.910;02.154;01.827
2050;26.740;70.200;04.910;0.523;0.463
2100;26.450;74.800;04.905;0.117;0.159
2110;26.110;76.900;04.908;0.102;0.119
2120;25.900;78.300;04.909;0.077;0.126
2130;25.720;79.400;04.906;0.106;0.159
2140;25.640;80.300;04.908;0.077;0.144
2150;25.530;81.000;04.909;0.062;0.204
2200;25.380;81.500;04.903;0.069;0.137
2210;24.930;82.100;04.909;0.080;0.122
2220;24.610;82.800;04.909;0.084;0.133
2230;24.470;83.100;04.911;0.073;0.156
2240;24.330;83.300;04.910;0.069;0.148
2250;24.120;83.900;04.912;0.051;0.156
2300;24.280;83.700;04.907;0.073;0.163
2310;24.280;84.000;04.905;0.069;0.167
2320;24.480;83.900;04.910;0.084;0.163
2330;24.500;84.300;04.910;0.051;0.144
2340;24.400;83.700;04.912;0.059;0.107
2350;24.280;84.200;04.912;0.062;0.122